{"fid1":{"R":6,"C":8,"X":36.969402996835939,"Y":6.8762780156249974},"fid2":{"R":10,"C":37.2,"X":-25.939969999960951,"Y":-3.3950279810937514}}