{"fid1":{"R":10,"C":-17.2,"X":110.05000400003905,"Y":-2.8049729810937523},"fid2":{"R":10,"C":37.2,"X":-25.939969999960951,"Y":-3.3950279810937514}}