{
    "fid1": {
        "R": 6,
        "C": 8,
        "X": 36.969402996835939,
        "Y": 6.8762780156249974
    },
    "fid2": {
        "R": 3,
        "C": 12,
        "X": 46.967421991210941,
        "Y": 14.504418999960933
    }
}