{"fid1":{"R":1,"C":19,"X":64.479961000976573,"Y":19.864955003906246},"fid2":{"R":8,"C":2,"X":22.050041000976869,"Y":2.2399700039054764}}