{"fid1":{"R":1,"C":19,"X":64.379977000976538,"Y":19.784976003906237},"fid2":{"R":8,"C":2,"X":22.000034000976534,"Y":2.0900310039062369}}