{"fid1":{"R":1,"C":19,"X":64.110036001406229,"Y":19.665023000624995},"fid2":{"R":8,"C":1,"X":19.24142700140623,"Y":1.9792410006249934}}