{"fid1":{"R":1,"C":19,"X":64.210014006601554,"Y":19.705039004726558},"fid2":{"R":18,"C":1,"X":19.469886000039061,"Y":-22.989967003906258}}