{
    "fid1": {
        "R": 10,
        "C": 37.2,
        "X": 110.04992000003907,
        "Y": -2.7849719810937552
    },
    "fid2": {
        "R": 10,
        "C": -17.2,
        "X": -25.939892999960946,
        "Y": -3.3750149810937522
    }
}