{"fid1":{"R":1,"C":1,"X":19.254423999999958,"Y":19.274876000039058},"fid2":{"R":7,"C":19,"X":64.279015999999956,"Y":4.4942970000390572}}