{"fid1":{"R":1,"C":19,"X":64.459984999023433,"Y":19.795032984375},"fid2":{"R":8,"C":2,"X":22.040031998593747,"Y":2.0999629887109315}}