{"fid1":{"R":1,"C":1,"X":19.254360000624949,"Y":19.274878998593749},"fid2":{"R":7,"C":19,"X":64.379017000624955,"Y":4.54431899859375}}