{"fid1":{"R":3,"C":14,"X":51.786332000156214,"Y":14.523559000156245},"fid2":{"R":6,"C":16,"X":56.825737000156217,"Y":7.0162710001562445}}