{"fid1":{"R":1,"C":19,"X":64.559970000976563,"Y":19.794967999960939},"fid2":{"R":18,"C":1,"X":19.789999000976554,"Y":-22.870042000039067}}