{"fid1":{"R":3,"C":14,"X":51.816328995273437,"Y":14.433557000039059},"fid2":{"R":6,"C":16,"X":56.777869995273434,"Y":6.9843760000390587}}