{"fid1":{"R":1,"C":19,"X":64.559967000039052,"Y":19.724977999960924},"fid2":{"R":18,"C":1,"X":19.769941000039044,"Y":-22.950044000039078}}