{"fid1":{"R":6,"C":8,"X":36.91928099984375,"Y":6.8723970019140586},"fid2":{"R":3,"C":13,"X":49.27396999984375,"Y":14.414603001914058}}