{"fid1":{"R":1,"C":19,"X":64.409978001406216,"Y":19.704990007656239},"fid2":{"R":18,"C":1,"X":19.569941001406221,"Y":-22.950028992343761}}