{"fid1":{"R":1,"C":19,"X":64.460000997499975,"Y":19.885028999843744},"fid2":{"R":8,"C":2,"X":22.040066997499974,"Y":2.220048999843744}}