{"fid1":{"R":3,"C":14,"X":51.766327007656244,"Y":14.433606008789061},"fid2":{"R":6,"C":16,"X":56.777938007656246,"Y":6.9844380087890618}}