{"fid1":{"R":1,"C":19,"X":64.209963000039053,"Y":19.704995996093746},"fid2":{"R":18,"C":1,"X":19.469886000039061,"Y":-22.989967003906258}}