{"fid1":{"R":3,"C":12,"X":46.947425001406238,"Y":14.584394000624995},"fid2":{"R":6,"C":8,"X":36.979426001406239,"Y":7.0224920006249949}}