{"fid1":{"R":3,"C":12,"X":46.987430000156245,"Y":14.414364005624993},"fid2":{"R":7,"C":12,"X":47.015643000156246,"Y":4.4035250056249948}}