{"fid1":{"R":1,"C":19,"X":64.560025000351516,"Y":19.73497999808593},"fid2":{"R":18,"C":1,"X":19.740041000351503,"Y":-22.939976001914076}}