{"fid1":{"R":3,"C":12,"X":46.900674000351565,"Y":14.463767030625},"fid2":{"R":6,"C":16,"X":56.922240000351565,"Y":6.9956590306249993}}